{
  "scenario": "advtrained_fgsm",
  "attack": "FGSM",
  "eps": 0.25,
  "advtrain_epochs": 5,
  "advtrain_batch_size": 128,
  "advtrain_time_seconds": 82.2701768875122,
  "advtrained_clean_loss": 0.042132094502449036,
  "advtrained_clean_accuracy": 0.9861999750137329,
  "advtrained_adversarial_loss": 0.07590776681900024,
  "advtrained_adversarial_accuracy": 0.9847999811172485
}