{
  "scenario": "baseline_clean",
  "loss": 0.03597046434879303,
  "accuracy": 0.989799976348877,
  "train_time_seconds": null,
  "inference_time_per_image_seconds": 2.9278111457824706e-05,
  "epochs": 5,
  "batch_size": 128
}