{
  "baseline": {
    "scenario": "baseline_clean",
    "loss": 0.03542975336313248,
    "accuracy": 0.9886999726295471,
    "train_time_seconds": 22.283465147018433,
    "inference_time_per_image_seconds": 3.262028694152832e-05,
    "epochs": 5,
    "batch_size": 128
  },
  "fgsm": {
    "scenario": "baseline_fgsm",
    "attack": "FGSM",
    "eps": 0.25,
    "generation_time_seconds": 2.5684590339660645,
    "baseline_clean_loss": 0.03542975336313248,
    "baseline_clean_accuracy": 0.9886999726295471,
    "baseline_adversarial_loss": 4.647155284881592,
    "baseline_adversarial_accuracy": 0.1468999981880188
  },
  "advtrain": {
    "scenario": "advtrained_fgsm",
    "attack": "FGSM",
    "eps": 0.25,
    "advtrain_epochs": 5,
    "advtrain_batch_size": 128,
    "advtrain_time_seconds": 82.2701768875122,
    "advtrained_clean_loss": 0.042132094502449036,
    "advtrained_clean_accuracy": 0.9861999750137329,
    "advtrained_adversarial_loss": 0.07590776681900024,
    "advtrained_adversarial_accuracy": 0.9847999811172485
  },
  "poison": {
    "scenario": "poison_corner_patch",
    "mode": "feature",
    "target_class": 7,
    "num_poisoned": 100,
    "patch_size": 4,
    "patch_value": 1.0,
    "epochs": 5,
    "batch_size": 128,
    "train_time_seconds": 25.69942021369934,
    "clean_test_loss": 0.030566466972231865,
    "clean_test_accuracy": 0.9896000027656555,
    "target_class_clean_accuracy": 0.9863813229571985,
    "target_class_patched_accuracy": 0.9863813229571985
  }
}