{
  "scenario": "poison_corner_patch",
  "mode": "feature",
  "target_class": 7,
  "num_poisoned": 100,
  "patch_size": 4,
  "patch_value": 1.0,
  "epochs": 5,
  "batch_size": 128,
  "train_time_seconds": 25.69942021369934,
  "clean_test_loss": 0.030566466972231865,
  "clean_test_accuracy": 0.9896000027656555,
  "target_class_clean_accuracy": 0.9863813229571985,
  "target_class_patched_accuracy": 0.9863813229571985
}